"train/epoch","roberta-base_S3&A&Q_0_r4_drop0.1_+0_ - _step","roberta-base_S3&A&Q_0_r4_drop0.1_+0_ - _step__MIN","roberta-base_S3&A&Q_0_r4_drop0.1_+0_ - _step__MAX","roberta-base_S3&A&Q_0_r4_drop0.1_+0_ - train/loss","roberta-base_S3&A&Q_0_r4_drop0.1_+0_ - train/loss__MIN","roberta-base_S3&A&Q_0_r4_drop0.1_+0_ - train/loss__MAX","roberta-base_S3&A_0_r4_drop0.1_+0_ - _step","roberta-base_S3&A_0_r4_drop0.1_+0_ - _step__MIN","roberta-base_S3&A_0_r4_drop0.1_+0_ - _step__MAX","roberta-base_S3&A_0_r4_drop0.1_+0_ - train/loss","roberta-base_S3&A_0_r4_drop0.1_+0_ - train/loss__MIN","roberta-base_S3&A_0_r4_drop0.1_+0_ - train/loss__MAX","roberta-base_S3&A&Q_0_r4_drop0.1_+0_size0.75 - _step","roberta-base_S3&A&Q_0_r4_drop0.1_+0_size0.75 - _step__MIN","roberta-base_S3&A&Q_0_r4_drop0.1_+0_size0.75 - _step__MAX","roberta-base_S3&A&Q_0_r4_drop0.1_+0_size0.75 - train/loss","roberta-base_S3&A&Q_0_r4_drop0.1_+0_size0.75 - train/loss__MIN","roberta-base_S3&A&Q_0_r4_drop0.1_+0_size0.75 - train/loss__MAX","roberta-base_A&Q_0_r4_drop0.1_+0_ - _step","roberta-base_A&Q_0_r4_drop0.1_+0_ - _step__MIN","roberta-base_A&Q_0_r4_drop0.1_+0_ - _step__MAX","roberta-base_A&Q_0_r4_drop0.1_+0_ - train/loss","roberta-base_A&Q_0_r4_drop0.1_+0_ - train/loss__MIN","roberta-base_A&Q_0_r4_drop0.1_+0_ - train/loss__MAX","roberta-base_A&Q_3_r4_drop0.1_+3_ - _step","roberta-base_A&Q_3_r4_drop0.1_+3_ - _step__MIN","roberta-base_A&Q_3_r4_drop0.1_+3_ - _step__MAX","roberta-base_A&Q_3_r4_drop0.1_+3_ - train/loss","roberta-base_A&Q_3_r4_drop0.1_+3_ - train/loss__MIN","roberta-base_A&Q_3_r4_drop0.1_+3_ - train/loss__MAX","google/gemma-2b_A&Q_0_r4_drop0.1_+0_ - _step","google/gemma-2b_A&Q_0_r4_drop0.1_+0_ - _step__MIN","google/gemma-2b_A&Q_0_r4_drop0.1_+0_ - _step__MAX","google/gemma-2b_A&Q_0_r4_drop0.1_+0_ - train/loss","google/gemma-2b_A&Q_0_r4_drop0.1_+0_ - train/loss__MIN","google/gemma-2b_A&Q_0_r4_drop0.1_+0_ - train/loss__MAX","google/gemma-2b_S3&A&Q_0_r4_drop0.1_+0_size1.0 - _step","google/gemma-2b_S3&A&Q_0_r4_drop0.1_+0_size1.0 - _step__MIN","google/gemma-2b_S3&A&Q_0_r4_drop0.1_+0_size1.0 - _step__MAX","google/gemma-2b_S3&A&Q_0_r4_drop0.1_+0_size1.0 - train/loss","google/gemma-2b_S3&A&Q_0_r4_drop0.1_+0_size1.0 - train/loss__MIN","google/gemma-2b_S3&A&Q_0_r4_drop0.1_+0_size1.0 - train/loss__MAX","roberta-base_S3&A&Q_0_r4_drop0.1_+0_size0.5 - _step","roberta-base_S3&A&Q_0_r4_drop0.1_+0_size0.5 - _step__MIN","roberta-base_S3&A&Q_0_r4_drop0.1_+0_size0.5 - _step__MAX","roberta-base_S3&A&Q_0_r4_drop0.1_+0_size0.5 - train/loss","roberta-base_S3&A&Q_0_r4_drop0.1_+0_size0.5 - train/loss__MIN","roberta-base_S3&A&Q_0_r4_drop0.1_+0_size0.5 - train/loss__MAX","distilbert-base-uncased_A&Q_0_r4_drop0.1_+0_ - _step","distilbert-base-uncased_A&Q_0_r4_drop0.1_+0_ - _step__MIN","distilbert-base-uncased_A&Q_0_r4_drop0.1_+0_ - _step__MAX","distilbert-base-uncased_A&Q_0_r4_drop0.1_+0_ - train/loss","distilbert-base-uncased_A&Q_0_r4_drop0.1_+0_ - train/loss__MIN","distilbert-base-uncased_A&Q_0_r4_drop0.1_+0_ - train/loss__MAX","distilbert-base-uncased_S3&A&Q_0_r4_drop0.1_+0_size1.0 - _step","distilbert-base-uncased_S3&A&Q_0_r4_drop0.1_+0_size1.0 - _step__MIN","distilbert-base-uncased_S3&A&Q_0_r4_drop0.1_+0_size1.0 - _step__MAX","distilbert-base-uncased_S3&A&Q_0_r4_drop0.1_+0_size1.0 - train/loss","distilbert-base-uncased_S3&A&Q_0_r4_drop0.1_+0_size1.0 - train/loss__MIN","distilbert-base-uncased_S3&A&Q_0_r4_drop0.1_+0_size1.0 - train/loss__MAX","roberta-base_S3&A&Q_0_r4_drop0.1_+0_size0.25 - _step","roberta-base_S3&A&Q_0_r4_drop0.1_+0_size0.25 - _step__MIN","roberta-base_S3&A&Q_0_r4_drop0.1_+0_size0.25 - _step__MAX","roberta-base_S3&A&Q_0_r4_drop0.1_+0_size0.25 - train/loss","roberta-base_S3&A&Q_0_r4_drop0.1_+0_size0.25 - train/loss__MIN","roberta-base_S3&A&Q_0_r4_drop0.1_+0_size0.25 - train/loss__MAX"
"0.15","","","","","","","","","","","","","","","","","","","","","","","","","","","","","","","0","0","0","0.6549","0.6549","0.6549","0","0","0","0.624","0.624","0.624","","","","","","","","","","","","","","","","","","","","","","","",""
"0.29","","","","","","","","","","","","","","","","","","","","","","","","","0","0","0","0.5119","0.5119","0.5119","","","","","","","","","","","","","","","","","","","","","","","","","","","","","","","","","","","",""
"0.3","","","","","","","","","","","","","","","","","","","","","","","","","","","","","","","1","1","1","0.5305","0.5305","0.5305","1","1","1","0.5537","0.5537","0.5537","","","","","","","","","","","","","","","","","","","","","","","",""
"0.4","0","0","0","0.5989","0.5989","0.5989","0","0","0","0.5881","0.5881","0.5881","","","","","","","0","0","0","0.5932","0.5932","0.5932","","","","","","","","","","","","","","","","","","","","","","","","","0","0","0","0.5688","0.5688","0.5688","0","0","0","0.5624","0.5624","0.5624","","","","","",""
"0.45","","","","","","","","","","","","","","","","","","","","","","","","","","","","","","","2","2","2","0.6343","0.6343","0.6343","2","2","2","0.5651","0.5651","0.5651","","","","","","","","","","","","","","","","","","","","","","","",""
"0.58","","","","","","","","","","","","","","","","","","","","","","","","","1","1","1","0.4826","0.4826","0.4826","","","","","","","","","","","","","","","","","","","","","","","","","","","","","","","","","","","",""
"0.6","","","","","","","","","","","","","","","","","","","","","","","","","","","","","","","3","3","3","0.5907","0.5907","0.5907","3","3","3","0.5453","0.5453","0.5453","","","","","","","","","","","","","","","","","","","","","","","",""
"0.76","","","","","","","","","","","","","","","","","","","","","","","","","","","","","","","4","4","4","0.6705","0.6705","0.6705","4","4","4","0.538","0.538","0.538","","","","","","","","","","","","","","","","","","","","","","","",""
"0.81","1","1","1","0.5662","0.5662","0.5662","1","1","1","0.5593","0.5593","0.5593","","","","","","","1","1","1","0.574","0.574","0.574","","","","","","","","","","","","","","","","","","","","","","","","","1","1","1","0.4953","0.4953","0.4953","1","1","1","0.5305","0.5305","0.5305","","","","","",""
"0.87","","","","","","","","","","","","","","","","","","","","","","","","","2","2","2","0.3939","0.3939","0.3939","","","","","","","","","","","","","","","","","","","","","","","","","","","","","","","","","","","",""
"0.91","","","","","","","","","","","","","","","","","","","","","","","","","","","","","","","5","5","5","0.5678","0.5678","0.5678","5","5","5","0.5242","0.5242","0.5242","","","","","","","","","","","","","","","","","","","","","","","",""
"1.05","","","","","","","","","","","","","1","1","1","0.5867","0.5867","0.5867","","","","","","","","","","","","","","","","","","","","","","","","","","","","","","","","","","","","","","","","","","","","","","","",""
"1.06","","","","","","","","","","","","","","","","","","","","","","","","","","","","","","","7","7","7","0.6134","0.6134","0.6134","7","7","7","0.5309","0.5309","0.5309","","","","","","","","","","","","","","","","","","","","","","","",""
"1.16","","","","","","","","","","","","","","","","","","","","","","","","","4","4","4","0.3075","0.3075","0.3075","","","","","","","","","","","","","","","","","","","","","","","","","","","","","","","","","","","",""
"1.21","3","3","3","0.4963","0.4963","0.4963","3","3","3","0.4937","0.4937","0.4937","","","","","","","3","3","3","0.4467","0.4467","0.4467","","","","","","","8","8","8","0.5859","0.5859","0.5859","8","8","8","0.5798","0.5798","0.5798","","","","","","","3","3","3","0.4409","0.4409","0.4409","3","3","3","0.5032","0.5032","0.5032","","","","","",""
"1.36","","","","","","","","","","","","","","","","","","","","","","","","","","","","","","","9","9","9","0.6142","0.6142","0.6142","9","9","9","0.508","0.508","0.508","","","","","","","","","","","","","","","","","","","","","","","",""
"1.45","","","","","","","","","","","","","","","","","","","","","","","","","5","5","5","0.2911","0.2911","0.2911","","","","","","","","","","","","","","","","","","","","","","","","","","","","","","","","","","","",""
"1.51","","","","","","","","","","","","","","","","","","","","","","","","","","","","","","","10","10","10","0.5392","0.5392","0.5392","10","10","10","0.5682","0.5682","0.5682","","","","","","","","","","","","","","","","","","","","","","","",""
"1.56","","","","","","","","","","","","","","","","","","","","","","","","","","","","","","","","","","","","","","","","","","","1","1","1","0.5822","0.5822","0.5822","","","","","","","","","","","","","","","","","",""
"1.61","4","4","4","0.4467","0.4467","0.4467","4","4","4","0.4463","0.4463","0.4463","","","","","","","4","4","4","0.385","0.385","0.385","","","","","","","","","","","","","","","","","","","","","","","","","4","4","4","0.4349","0.4349","0.4349","4","4","4","0.4975","0.4975","0.4975","","","","","",""
"1.66","","","","","","","","","","","","","","","","","","","","","","","","","","","","","","","11","11","11","0.5414","0.5414","0.5414","11","11","11","0.5358","0.5358","0.5358","","","","","","","","","","","","","","","","","","","","","","","",""
"1.75","","","","","","","","","","","","","","","","","","","","","","","","","6","6","6","0.305","0.305","0.305","","","","","","","","","","","","","","","","","","","","","","","","","","","","","","","","","","","",""
"1.81","","","","","","","","","","","","","","","","","","","","","","","","","","","","","","","12","12","12","0.4889","0.4889","0.4889","12","12","12","0.5259","0.5259","0.5259","","","","","","","","","","","","","","","","","","","","","","","",""
"1.97","","","","","","","","","","","","","","","","","","","","","","","","","","","","","","","13","13","13","0.5287","0.5287","0.5287","13","13","13","0.5214","0.5214","0.5214","","","","","","","","","","","","","","","","","","","","","","","",""
"2.01","6","6","6","0.4537","0.4537","0.4537","6","6","6","0.4314","0.4314","0.4314","","","","","","","6","6","6","0.3788","0.3788","0.3788","","","","","","","","","","","","","","","","","","","","","","","","","6","6","6","0.404","0.404","0.404","6","6","6","0.4815","0.4815","0.4815","","","","","",""
"2.04","","","","","","","","","","","","","","","","","","","","","","","","","8","8","8","0.2987","0.2987","0.2987","","","","","","","","","","","","","","","","","","","","","","","","","","","","","","","","","","","",""
"2.1","","","","","","","","","","","","","3","3","3","0.5185","0.5185","0.5185","","","","","","","","","","","","","","","","","","","","","","","","","","","","","","","","","","","","","","","","","","","","","","","",""
"2.12","","","","","","","","","","","","","","","","","","","","","","","","","","","","","","","15","15","15","0.4822","0.4822","0.4822","15","15","15","0.5457","0.5457","0.5457","","","","","","","","","","","","","","","","","","","","","","","",""
"2.27","","","","","","","","","","","","","","","","","","","","","","","","","","","","","","","16","16","16","0.5066","0.5066","0.5066","16","16","16","0.4994","0.4994","0.4994","","","","","","","","","","","","","","","","","","","","","","","",""
"2.33","","","","","","","","","","","","","","","","","","","","","","","","","9","9","9","0.2718","0.2718","0.2718","","","","","","","","","","","","","","","","","","","","","","","","","","","","","","","","","","","",""
"2.42","7","7","7","0.4115","0.4115","0.4115","7","7","7","0.4098","0.4098","0.4098","","","","","","","7","7","7","0.3633","0.3633","0.3633","","","","","","","17","17","17","0.5338","0.5338","0.5338","17","17","17","0.4353","0.4353","0.4353","","","","","","","7","7","7","0.3893","0.3893","0.3893","7","7","7","0.4265","0.4265","0.4265","","","","","",""
"2.57","","","","","","","","","","","","","","","","","","","","","","","","","","","","","","","18","18","18","0.4933","0.4933","0.4933","18","18","18","0.5123","0.5123","0.5123","","","","","","","","","","","","","","","","","","","","","","","",""
"2.62","","","","","","","","","","","","","","","","","","","","","","","","","10","10","10","0.2841","0.2841","0.2841","","","","","","","","","","","","","","","","","","","","","","","","","","","","","","","","","","","",""
"2.72","","","","","","","","","","","","","","","","","","","","","","","","","","","","","","","19","19","19","0.4738","0.4738","0.4738","19","19","19","0.4578","0.4578","0.4578","","","","","","","","","","","","","","","","","","","","","","","",""
"2.82","8","8","8","0.3955","0.3955","0.3955","8","8","8","0.411","0.411","0.411","","","","","","","8","8","8","0.3613","0.3613","0.3613","","","","","","","","","","","","","","","","","","","","","","","","","8","8","8","0.3665","0.3665","0.3665","8","8","8","0.4488","0.4488","0.4488","","","","","",""
"2.86","","","","","","","","","","","","","","","","","","","","","","","","","","","","","","","","","","","","","","","","","","","","","","","","","","","","","","","","","","","","","2","2","2","0.552","0.552","0.552"
"2.87","","","","","","","","","","","","","","","","","","","","","","","","","","","","","","","20","20","20","0.4771","0.4771","0.4771","20","20","20","0.4862","0.4862","0.4862","","","","","","","","","","","","","","","","","","","","","","","",""
"2.91","","","","","","","","","","","","","","","","","","","","","","","","","11","11","11","0.2949","0.2949","0.2949","","","","","","","","","","","","","","","","","","","","","","","","","","","","","","","","","","","",""
"3.02","","","","","","","","","","","","","","","","","","","","","","","","","","","","","","","22","22","22","0.5168","0.5168","0.5168","22","22","22","0.4391","0.4391","0.4391","","","","","","","","","","","","","","","","","","","","","","","",""
"3.12","","","","","","","","","","","","","","","","","","","","","","","","","","","","","","","","","","","","","","","","","","","4","4","4","0.5112","0.5112","0.5112","","","","","","","","","","","","","","","","","",""
"3.15","","","","","","","","","","","","","5","5","5","0.4418","0.4418","0.4418","","","","","","","","","","","","","","","","","","","","","","","","","","","","","","","","","","","","","","","","","","","","","","","",""
"3.18","","","","","","","","","","","","","","","","","","","","","","","","","","","","","","","23","23","23","0.4646","0.4646","0.4646","23","23","23","0.4955","0.4955","0.4955","","","","","","","","","","","","","","","","","","","","","","","",""
"3.2","","","","","","","","","","","","","","","","","","","","","","","","","13","13","13","0.2855","0.2855","0.2855","","","","","","","","","","","","","","","","","","","","","","","","","","","","","","","","","","","",""
"3.22","10","10","10","0.389","0.389","0.389","10","10","10","0.4215","0.4215","0.4215","","","","","","","10","10","10","0.3462","0.3462","0.3462","","","","","","","","","","","","","","","","","","","","","","","","","10","10","10","0.3686","0.3686","0.3686","10","10","10","0.4234","0.4234","0.4234","","","","","",""
"3.33","","","","","","","","","","","","","","","","","","","","","","","","","","","","","","","24","24","24","0.489","0.489","0.489","24","24","24","0.4792","0.4792","0.4792","","","","","","","","","","","","","","","","","","","","","","","",""
"3.48","","","","","","","","","","","","","","","","","","","","","","","","","","","","","","","25","25","25","0.4667","0.4667","0.4667","25","25","25","0.3311","0.3311","0.3311","","","","","","","","","","","","","","","","","","","","","","","",""
"3.49","","","","","","","","","","","","","","","","","","","","","","","","","14","14","14","0.278","0.278","0.278","","","","","","","","","","","","","","","","","","","","","","","","","","","","","","","","","","","",""
"3.63","11","11","11","0.3558","0.3558","0.3558","11","11","11","0.3665","0.3665","0.3665","","","","","","","11","11","11","0.3583","0.3583","0.3583","","","","","","","26","26","26","0.5048","0.5048","0.5048","26","26","26","0.4579","0.4579","0.4579","","","","","","","11","11","11","0.3664","0.3664","0.3664","11","11","11","0.4063","0.4063","0.4063","","","","","",""
"3.78","","","","","","","","","","","","","","","","","","","","","","","","","15","15","15","0.2742","0.2742","0.2742","27","27","27","0.4486","0.4486","0.4486","27","27","27","0.4619","0.4619","0.4619","","","","","","","","","","","","","","","","","","","","","","","",""
"3.93","","","","","","","","","","","","","","","","","","","","","","","","","","","","","","","28","28","28","0.4997","0.4997","0.4997","28","28","28","0.4137","0.4137","0.4137","","","","","","","","","","","","","","","","","","","","","","","",""
"4.03","13","13","13","0.3719","0.3719","0.3719","13","13","13","0.379","0.379","0.379","","","","","","","13","13","13","0.3298","0.3298","0.3298","","","","","","","","","","","","","","","","","","","","","","","","","13","13","13","0.3547","0.3547","0.3547","13","13","13","0.3962","0.3962","0.3962","","","","","",""
"4.07","","","","","","","","","","","","","","","","","","","","","","","","","17","17","17","0.2667","0.2667","0.2667","","","","","","","","","","","","","","","","","","","","","","","","","","","","","","","","","","","",""
"4.08","","","","","","","","","","","","","","","","","","","","","","","","","","","","","","","30","30","30","0.4663","0.4663","0.4663","30","30","30","0.3693","0.3693","0.3693","","","","","","","","","","","","","","","","","","","","","","","",""
"4.2","","","","","","","","","","","","","7","7","7","0.3988","0.3988","0.3988","","","","","","","","","","","","","","","","","","","","","","","","","","","","","","","","","","","","","","","","","","","","","","","",""
"4.23","","","","","","","","","","","","","","","","","","","","","","","","","","","","","","","31","31","31","0.4488","0.4488","0.4488","31","31","31","0.4325","0.4325","0.4325","","","","","","","","","","","","","","","","","","","","","","","",""
"4.36","","","","","","","","","","","","","","","","","","","","","","","","","18","18","18","0.2595","0.2595","0.2595","","","","","","","","","","","","","","","","","","","","","","","","","","","","","","","","","","","",""
"4.38","","","","","","","","","","","","","","","","","","","","","","","","","","","","","","","32","32","32","0.3928","0.3928","0.3928","32","32","32","0.3675","0.3675","0.3675","","","","","","","","","","","","","","","","","","","","","","","",""
"4.43","14","14","14","0.3729","0.3729","0.3729","14","14","14","0.3762","0.3762","0.3762","","","","","","","14","14","14","0.3464","0.3464","0.3464","","","","","","","","","","","","","","","","","","","","","","","","","14","14","14","0.3339","0.3339","0.3339","14","14","14","0.3896","0.3896","0.3896","","","","","",""
"4.54","","","","","","","","","","","","","","","","","","","","","","","","","","","","","","","33","33","33","0.4444","0.4444","0.4444","33","33","33","0.3997","0.3997","0.3997","","","","","","","","","","","","","","","","","","","","","","","",""
"4.65","","","","","","","","","","","","","","","","","","","","","","","","","19","19","19","0.2749","0.2749","0.2749","","","","","","","","","","","","","","","","","","","","","","","","","","","","","","","","","","","",""
"4.69","","","","","","","","","","","","","","","","","","","","","","","","","","","","","","","34","34","34","0.4456","0.4456","0.4456","34","34","34","0.4127","0.4127","0.4127","6","6","6","0.4318","0.4318","0.4318","","","","","","","","","","","","","","","","","",""
"4.83","15","15","15","0.3474","0.3474","0.3474","15","15","15","0.3468","0.3468","0.3468","","","","","","","15","15","15","0.3403","0.3403","0.3403","","","","","","","","","","","","","","","","","","","","","","","","","15","15","15","0.3622","0.3622","0.3622","15","15","15","0.3722","0.3722","0.3722","","","","","",""
"4.84","","","","","","","","","","","","","","","","","","","","","","","","","","","","","","","35","35","35","0.4344","0.4344","0.4344","35","35","35","0.4134","0.4134","0.4134","","","","","","","","","","","","","","","","","","","","","","","",""
"4.94","","","","","","","","","","","","","","","","","","","","","","","","","20","20","20","0.2774","0.2774","0.2774","","","","","","","","","","","","","","","","","","","","","","","","","","","","","","","","","","","",""
"4.99","","","","","","","","","","","","","","","","","","","","","","","","","","","","","","","36","36","36","0.4643","0.4643","0.4643","36","36","36","0.4405","0.4405","0.4405","","","","","","","","","","","","","","","","","","","","","","","",""
"5.14","","","","","","","","","","","","","","","","","","","","","","","","","","","","","","","38","38","38","0.3595","0.3595","0.3595","38","38","38","0.3901","0.3901","0.3901","","","","","","","","","","","","","","","","","","","","","","","",""
"5.24","17","17","17","0.3414","0.3414","0.3414","17","17","17","0.3573","0.3573","0.3573","","","","","","","17","17","17","0.3325","0.3325","0.3325","22","22","22","0.256","0.256","0.256","","","","","","","","","","","","","","","","","","","17","17","17","0.3421","0.3421","0.3421","17","17","17","0.3637","0.3637","0.3637","","","","","",""
"5.25","","","","","","","","","","","","","9","9","9","0.3713","0.3713","0.3713","","","","","","","","","","","","","","","","","","","","","","","","","","","","","","","","","","","","","","","","","","","","","","","",""
"5.29","","","","","","","","","","","","","","","","","","","","","","","","","","","","","","","39","39","39","0.4251","0.4251","0.4251","39","39","39","0.3583","0.3583","0.3583","","","","","","","","","","","","","","","","","","","","","","","",""
"5.44","","","","","","","","","","","","","","","","","","","","","","","","","","","","","","","40","40","40","0.4127","0.4127","0.4127","40","40","40","0.3933","0.3933","0.3933","","","","","","","","","","","","","","","","","","","","","","","",""
"5.53","","","","","","","","","","","","","","","","","","","","","","","","","23","23","23","0.2707","0.2707","0.2707","","","","","","","","","","","","","","","","","","","","","","","","","","","","","","","","","","","",""
"5.59","","","","","","","","","","","","","","","","","","","","","","","","","","","","","","","41","41","41","0.3917","0.3917","0.3917","41","41","41","0.3507","0.3507","0.3507","","","","","","","","","","","","","","","","","","","","","","","",""
"5.64","18","18","18","0.3589","0.3589","0.3589","18","18","18","0.3525","0.3525","0.3525","","","","","","","18","18","18","0.3446","0.3446","0.3446","","","","","","","","","","","","","","","","","","","","","","","","","18","18","18","0.3337","0.3337","0.3337","18","18","18","0.3702","0.3702","0.3702","","","","","",""
"5.71","","","","","","","","","","","","","","","","","","","","","","","","","","","","","","","","","","","","","","","","","","","","","","","","","","","","","","","","","","","","","6","6","6","0.4873","0.4873","0.4873"
"5.75","","","","","","","","","","","","","","","","","","","","","","","","","","","","","","","42","42","42","0.4718","0.4718","0.4718","42","42","42","0.3619","0.3619","0.3619","","","","","","","","","","","","","","","","","","","","","","","",""
"5.82","","","","","","","","","","","","","","","","","","","","","","","","","24","24","24","0.2619","0.2619","0.2619","","","","","","","","","","","","","","","","","","","","","","","","","","","","","","","","","","","",""
"5.9","","","","","","","","","","","","","","","","","","","","","","","","","","","","","","","43","43","43","0.4076","0.4076","0.4076","43","43","43","0.3988","0.3988","0.3988","","","","","","","","","","","","","","","","","","","","","","","",""
"6.04","20","20","20","0.3394","0.3394","0.3394","20","20","20","0.3479","0.3479","0.3479","","","","","","","20","20","20","0.315","0.315","0.315","","","","","","","","","","","","","","","","","","","","","","","","","20","20","20","0.3375","0.3375","0.3375","20","20","20","0.3698","0.3698","0.3698","","","","","",""
"6.05","","","","","","","","","","","","","","","","","","","","","","","","","","","","","","","45","45","45","0.3556","0.3556","0.3556","45","45","45","0.3584","0.3584","0.3584","","","","","","","","","","","","","","","","","","","","","","","",""
"6.11","","","","","","","","","","","","","","","","","","","","","","","","","26","26","26","0.258","0.258","0.258","","","","","","","","","","","","","","","","","","","","","","","","","","","","","","","","","","","",""
"6.2","","","","","","","","","","","","","","","","","","","","","","","","","","","","","","","46","46","46","0.346","0.346","0.346","46","46","46","0.337","0.337","0.337","","","","","","","","","","","","","","","","","","","","","","","",""
"6.25","","","","","","","","","","","","","","","","","","","","","","","","","","","","","","","","","","","","","","","","","","","9","9","9","0.406","0.406","0.406","","","","","","","","","","","","","","","","","",""
"6.3","","","","","","","","","","","","","11","11","11","0.3446","0.3446","0.3446","","","","","","","","","","","","","","","","","","","","","","","","","","","","","","","","","","","","","","","","","","","","","","","",""
"6.35","","","","","","","","","","","","","","","","","","","","","","","","","","","","","","","47","47","47","0.361","0.361","0.361","47","47","47","0.3127","0.3127","0.3127","","","","","","","","","","","","","","","","","","","","","","","",""
"6.4","","","","","","","","","","","","","","","","","","","","","","","","","27","27","27","0.2434","0.2434","0.2434","","","","","","","","","","","","","","","","","","","","","","","","","","","","","","","","","","","",""
"6.45","21","21","21","0.3312","0.3312","0.3312","21","21","21","0.348","0.348","0.348","","","","","","","21","21","21","0.3328","0.3328","0.3328","","","","","","","","","","","","","","","","","","","","","","","","","21","21","21","0.3231","0.3231","0.3231","21","21","21","0.3446","0.3446","0.3446","","","","","",""
"6.5","","","","","","","","","","","","","","","","","","","","","","","","","","","","","","","48","48","48","0.3603","0.3603","0.3603","48","48","48","0.3942","0.3942","0.3942","","","","","","","","","","","","","","","","","","","","","","","",""
"6.65","","","","","","","","","","","","","","","","","","","","","","","","","","","","","","","49","49","49","0.4045","0.4045","0.4045","49","49","49","0.3662","0.3662","0.3662","","","","","","","","","","","","","","","","","","","","","","","",""
"6.69","","","","","","","","","","","","","","","","","","","","","","","","","28","28","28","0.2743","0.2743","0.2743","","","","","","","","","","","","","","","","","","","","","","","","","","","","","","","","","","","",""
"6.8","","","","","","","","","","","","","","","","","","","","","","","","","","","","","","","50","50","50","0.3943","0.3943","0.3943","50","50","50","0.3263","0.3263","0.3263","","","","","","","","","","","","","","","","","","","","","","","",""
"6.85","22","22","22","0.3513","0.3513","0.3513","22","22","22","0.3455","0.3455","0.3455","","","","","","","22","22","22","0.3165","0.3165","0.3165","","","","","","","","","","","","","","","","","","","","","","","","","22","22","22","0.3347","0.3347","0.3347","22","22","22","0.3578","0.3578","0.3578","","","","","",""
"6.95","","","","","","","","","","","","","","","","","","","","","","","","","","","","","","","51","51","51","0.3577","0.3577","0.3577","51","51","51","0.3492","0.3492","0.3492","","","","","","","","","","","","","","","","","","","","","","","",""
"6.98","","","","","","","","","","","","","","","","","","","","","","","","","29","29","29","0.2463","0.2463","0.2463","","","","","","","","","","","","","","","","","","","","","","","","","","","","","","","","","","","",""
"7.11","","","","","","","","","","","","","","","","","","","","","","","","","","","","","","","53","53","53","0.3612","0.3612","0.3612","53","53","53","0.29","0.29","0.29","","","","","","","","","","","","","","","","","","","","","","","",""
"7.25","24","24","24","0.3245","0.3245","0.3245","24","24","24","0.337","0.337","0.337","","","","","","","24","24","24","0.3122","0.3122","0.3122","","","","","","","","","","","","","","","","","","","","","","","","","24","24","24","0.3178","0.3178","0.3178","24","24","24","0.3399","0.3399","0.3399","","","","","",""
"7.26","","","","","","","","","","","","","","","","","","","","","","","","","","","","","","","54","54","54","0.3217","0.3217","0.3217","54","54","54","0.3033","0.3033","0.3033","","","","","","","","","","","","","","","","","","","","","","","",""
"7.27","","","","","","","","","","","","","","","","","","","","","","","","","31","31","31","0.2397","0.2397","0.2397","","","","","","","","","","","","","","","","","","","","","","","","","","","","","","","","","","","",""
"7.35","","","","","","","","","","","","","13","13","13","0.3277","0.3277","0.3277","","","","","","","","","","","","","","","","","","","","","","","","","","","","","","","","","","","","","","","","","","","","","","","",""
"7.41","","","","","","","","","","","","","","","","","","","","","","","","","","","","","","","55","55","55","0.362","0.362","0.362","55","55","55","0.2966","0.2966","0.2966","","","","","","","","","","","","","","","","","","","","","","","",""
"7.56","","","","","","","","","","","","","","","","","","","","","","","","","32","32","32","0.2524","0.2524","0.2524","56","56","56","0.3098","0.3098","0.3098","56","56","56","0.3539","0.3539","0.3539","","","","","","","","","","","","","","","","","","","","","","","",""
"7.66","25","25","25","0.3198","0.3198","0.3198","25","25","25","0.3377","0.3377","0.3377","","","","","","","25","25","25","0.3319","0.3319","0.3319","","","","","","","","","","","","","","","","","","","","","","","","","25","25","25","0.3194","0.3194","0.3194","25","25","25","0.335","0.335","0.335","","","","","",""
"7.71","","","","","","","","","","","","","","","","","","","","","","","","","","","","","","","57","57","57","0.3754","0.3754","0.3754","57","57","57","0.3039","0.3039","0.3039","","","","","","","","","","","","","","","","","","","","","","","",""
"7.81","","","","","","","","","","","","","","","","","","","","","","","","","","","","","","","","","","","","","","","","","","","11","11","11","0.3826","0.3826","0.3826","","","","","","","","","","","","","","","","","",""
"7.85","","","","","","","","","","","","","","","","","","","","","","","","","33","33","33","0.2461","0.2461","0.2461","","","","","","","","","","","","","","","","","","","","","","","","","","","","","","","","","","","",""
"7.86","","","","","","","","","","","","","","","","","","","","","","","","","","","","","","","58","58","58","0.3698","0.3698","0.3698","58","58","58","0.2655","0.2655","0.2655","","","","","","","","","","","","","","","","","","","","","","","",""
"8.01","","","","","","","","","","","","","","","","","","","","","","","","","","","","","","","60","60","60","0.3332","0.3332","0.3332","60","60","60","0.3414","0.3414","0.3414","","","","","","","","","","","","","","","","","","","","","","","",""
"8.06","27","27","27","0.3344","0.3344","0.3344","27","27","27","0.331","0.331","0.331","","","","","","","27","27","27","0.333","0.333","0.333","","","","","","","","","","","","","","","","","","","","","","","","","27","27","27","0.3321","0.3321","0.3321","27","27","27","0.339","0.339","0.339","","","","","",""
"8.14","","","","","","","","","","","","","","","","","","","","","","","","","35","35","35","0.2594","0.2594","0.2594","","","","","","","","","","","","","","","","","","","","","","","","","","","","","","","","","","","",""
"8.16","","","","","","","","","","","","","","","","","","","","","","","","","","","","","","","61","61","61","0.325","0.325","0.325","61","61","61","0.1995","0.1995","0.1995","","","","","","","","","","","","","","","","","","","","","","","",""
"8.32","","","","","","","","","","","","","","","","","","","","","","","","","","","","","","","62","62","62","0.3184","0.3184","0.3184","62","62","62","0.2965","0.2965","0.2965","","","","","","","","","","","","","","","","","","","","","","","",""
"8.4","","","","","","","","","","","","","15","15","15","0.3261","0.3261","0.3261","","","","","","","","","","","","","","","","","","","","","","","","","","","","","","","","","","","","","","","","","","","","","","","",""
"8.44","","","","","","","","","","","","","","","","","","","","","","","","","36","36","36","0.2367","0.2367","0.2367","","","","","","","","","","","","","","","","","","","","","","","","","","","","","","","","","","","",""
"8.46","28","28","28","0.332","0.332","0.332","28","28","28","0.3275","0.3275","0.3275","","","","","","","28","28","28","0.317","0.317","0.317","","","","","","","","","","","","","","","","","","","","","","","","","28","28","28","0.3145","0.3145","0.3145","28","28","28","0.3294","0.3294","0.3294","","","","","",""
"8.47","","","","","","","","","","","","","","","","","","","","","","","","","","","","","","","63","63","63","0.3257","0.3257","0.3257","63","63","63","0.2665","0.2665","0.2665","","","","","","","","","","","","","","","","","","","","","","","",""
"8.57","","","","","","","","","","","","","","","","","","","","","","","","","","","","","","","","","","","","","","","","","","","","","","","","","","","","","","","","","","","","","10","10","10","0.428","0.428","0.428"
"8.62","","","","","","","","","","","","","","","","","","","","","","","","","","","","","","","64","64","64","0.2711","0.2711","0.2711","64","64","64","0.2399","0.2399","0.2399","","","","","","","","","","","","","","","","","","","","","","","",""
"8.73","","","","","","","","","","","","","","","","","","","","","","","","","37","37","37","0.244","0.244","0.244","","","","","","","","","","","","","","","","","","","","","","","","","","","","","","","","","","","",""
"8.77","","","","","","","","","","","","","","","","","","","","","","","","","","","","","","","65","65","65","0.3073","0.3073","0.3073","65","65","65","0.3058","0.3058","0.3058","","","","","","","","","","","","","","","","","","","","","","","",""
"8.86","29","29","29","0.3213","0.3213","0.3213","29","29","29","0.3427","0.3427","0.3427","","","","","","","29","29","29","0.3024","0.3024","0.3024","","","","","","","","","","","","","","","","","","","","","","","","","29","29","29","0.3164","0.3164","0.3164","29","29","29","0.3342","0.3342","0.3342","","","","","",""
"8.92","","","","","","","","","","","","","","","","","","","","","","","","","","","","","","","66","66","66","0.3197","0.3197","0.3197","66","66","66","0.2675","0.2675","0.2675","","","","","","","","","","","","","","","","","","","","","","","",""
"9.02","","","","","","","","","","","","","","","","","","","","","","","","","39","39","39","0.2479","0.2479","0.2479","","","","","","","","","","","","","","","","","","","","","","","","","","","","","","","","","","","",""
"9.07","","","","","","","","","","","","","","","","","","","","","","","","","","","","","","","68","68","68","0.2677","0.2677","0.2677","68","68","68","0.2993","0.2993","0.2993","","","","","","","","","","","","","","","","","","","","","","","",""
"9.22","","","","","","","","","","","","","","","","","","","","","","","","","","","","","","","69","69","69","0.3228","0.3228","0.3228","69","69","69","0.1947","0.1947","0.1947","","","","","","","","","","","","","","","","","","","","","","","",""
"9.27","31","31","31","0.3059","0.3059","0.3059","31","31","31","0.329","0.329","0.329","","","","","","","31","31","31","0.3223","0.3223","0.3223","","","","","","","","","","","","","","","","","","","","","","","","","31","31","31","0.3227","0.3227","0.3227","31","31","31","0.321","0.321","0.321","","","","","",""
"9.31","","","","","","","","","","","","","","","","","","","","","","","","","40","40","40","0.2303","0.2303","0.2303","","","","","","","","","","","","","","","","","","","","","","","","","","","","","","","","","","","",""
"9.37","","","","","","","","","","","","","","","","","","","","","","","","","","","","","","","70","70","70","0.2829","0.2829","0.2829","70","70","70","0.2352","0.2352","0.2352","","","","","","","","","","","","","","","","","","","","","","","",""
"9.38","","","","","","","","","","","","","","","","","","","","","","","","","","","","","","","","","","","","","","","","","","","14","14","14","0.3555","0.3555","0.3555","","","","","","","","","","","","","","","","","",""
"9.45","","","","","","","","","","","","","17","17","17","0.3132","0.3132","0.3132","","","","","","","","","","","","","","","","","","","","","","","","","","","","","","","","","","","","","","","","","","","","","","","",""
"9.53","","","","","","","","","","","","","","","","","","","","","","","","","","","","","","","71","71","71","0.2898","0.2898","0.2898","71","71","71","0.243","0.243","0.243","","","","","","","","","","","","","","","","","","","","","","","",""
"9.6","","","","","","","","","","","","","","","","","","","","","","","","","41","41","41","0.239","0.239","0.239","","","","","","","","","","","","","","","","","","","","","","","","","","","","","","","","","","","",""
"9.67","32","32","32","0.3144","0.3144","0.3144","32","32","32","0.3537","0.3537","0.3537","","","","","","","32","32","32","0.3195","0.3195","0.3195","","","","","","","","","","","","","","","","","","","","","","","","","32","32","32","0.3071","0.3071","0.3071","32","32","32","0.3164","0.3164","0.3164","","","","","",""
"9.68","","","","","","","","","","","","","","","","","","","","","","","","","","","","","","","72","72","72","0.243","0.243","0.243","72","72","72","0.2353","0.2353","0.2353","","","","","","","","","","","","","","","","","","","","","","","",""
"9.83","","","","","","","","","","","","","","","","","","","","","","","","","","","","","","","73","73","73","0.2628","0.2628","0.2628","73","73","73","0.2854","0.2854","0.2854","","","","","","","","","","","","","","","","","","","","","","","",""
"9.89","","","","","","","","","","","","","","","","","","","","","","","","","42","42","42","0.2491","0.2491","0.2491","","","","","","","","","","","","","","","","","","","","","","","","","","","","","","","","","","","",""
"9.98","","","","","","","","","","","","","","","","","","","","","","","","","","","","","","","74","74","74","0.3175","0.3175","0.3175","74","74","74","0.2189","0.2189","0.2189","","","","","","","","","","","","","","","","","","","","","","","",""
"10.07","34","34","34","0.3186","0.3186","0.3186","34","34","34","0.3022","0.3022","0.3022","","","","","","","34","34","34","0.3129","0.3129","0.3129","","","","","","","","","","","","","","","","","","","","","","","","","34","34","34","0.2923","0.2923","0.2923","34","34","34","0.3223","0.3223","0.3223","","","","","",""
"10.13","","","","","","","","","","","","","","","","","","","","","","","","","","","","","","","76","76","76","0.3145","0.3145","0.3145","76","76","76","0.2047","0.2047","0.2047","","","","","","","","","","","","","","","","","","","","","","","",""
"10.18","","","","","","","","","","","","","","","","","","","","","","","","","44","44","44","0.2401","0.2401","0.2401","","","","","","","","","","","","","","","","","","","","","","","","","","","","","","","","","","","",""
"10.28","","","","","","","","","","","","","","","","","","","","","","","","","","","","","","","77","77","77","0.2432","0.2432","0.2432","77","77","77","0.2226","0.2226","0.2226","","","","","","","","","","","","","","","","","","","","","","","",""
"10.43","","","","","","","","","","","","","","","","","","","","","","","","","","","","","","","78","78","78","0.2411","0.2411","0.2411","78","78","78","0.1974","0.1974","0.1974","","","","","","","","","","","","","","","","","","","","","","","",""
"10.47","","","","","","","","","","","","","","","","","","","","","","","","","45","45","45","0.2482","0.2482","0.2482","","","","","","","","","","","","","","","","","","","","","","","","","","","","","","","","","","","",""
"10.48","35","35","35","0.3055","0.3055","0.3055","35","35","35","0.3211","0.3211","0.3211","","","","","","","35","35","35","0.3156","0.3156","0.3156","","","","","","","","","","","","","","","","","","","","","","","","","35","35","35","0.3073","0.3073","0.3073","35","35","35","0.3041","0.3041","0.3041","","","","","",""
"10.5","","","","","","","","","","","","","19","19","19","0.3017","0.3017","0.3017","","","","","","","","","","","","","","","","","","","","","","","","","","","","","","","","","","","","","","","","","","","","","","","",""
"10.58","","","","","","","","","","","","","","","","","","","","","","","","","","","","","","","79","79","79","0.26","0.26","0.26","79","79","79","0.2017","0.2017","0.2017","","","","","","","","","","","","","","","","","","","","","","","",""
"10.73","","","","","","","","","","","","","","","","","","","","","","","","","","","","","","","80","80","80","0.2667","0.2667","0.2667","80","80","80","0.2565","0.2565","0.2565","","","","","","","","","","","","","","","","","","","","","","","",""
"10.76","","","","","","","","","","","","","","","","","","","","","","","","","46","46","46","0.2358","0.2358","0.2358","","","","","","","","","","","","","","","","","","","","","","","","","","","","","","","","","","","",""
"10.88","36","36","36","0.2967","0.2967","0.2967","36","36","36","0.3252","0.3252","0.3252","","","","","","","36","36","36","0.3043","0.3043","0.3043","","","","","","","","","","","","","","","","","","","","","","","","","36","36","36","0.299","0.299","0.299","36","36","36","0.3267","0.3267","0.3267","","","","","",""
"10.89","","","","","","","","","","","","","","","","","","","","","","","","","","","","","","","81","81","81","0.2172","0.2172","0.2172","81","81","81","0.2476","0.2476","0.2476","","","","","","","","","","","","","","","","","","","","","","","",""
"10.94","","","","","","","","","","","","","","","","","","","","","","","","","","","","","","","","","","","","","","","","","","","16","16","16","0.3454","0.3454","0.3454","","","","","","","","","","","","","","","","","",""
"11.04","","","","","","","","","","","","","","","","","","","","","","","","","","","","","","","83","83","83","0.2298","0.2298","0.2298","83","83","83","0.1882","0.1882","0.1882","","","","","","","","","","","","","","","","","","","","","","","",""
"11.05","","","","","","","","","","","","","","","","","","","","","","","","","48","48","48","0.2346","0.2346","0.2346","","","","","","","","","","","","","","","","","","","","","","","","","","","","","","","","","","","",""
"11.19","","","","","","","","","","","","","","","","","","","","","","","","","","","","","","","84","84","84","0.1664","0.1664","0.1664","84","84","84","0.1706","0.1706","0.1706","","","","","","","","","","","","","","","","","","","","","","","",""
"11.28","38","38","38","0.3221","0.3221","0.3221","38","38","38","0.3255","0.3255","0.3255","","","","","","","38","38","38","0.3194","0.3194","0.3194","","","","","","","","","","","","","","","","","","","","","","","","","38","38","38","0.3017","0.3017","0.3017","38","38","38","0.3006","0.3006","0.3006","","","","","",""
"11.34","","","","","","","","","","","","","","","","","","","","","","","","","49","49","49","0.2403","0.2403","0.2403","85","85","85","0.2238","0.2238","0.2238","85","85","85","0.1964","0.1964","0.1964","","","","","","","","","","","","","","","","","","","","","","","",""
"11.43","","","","","","","","","","","","","","","","","","","","","","","","","","","","","","","","","","","","","","","","","","","","","","","","","","","","","","","","","","","","","14","14","14","0.3916","0.3916","0.3916"
"11.49","","","","","","","","","","","","","","","","","","","","","","","","","","","","","","","86","86","86","0.2331","0.2331","0.2331","86","86","86","0.181","0.181","0.181","","","","","","","","","","","","","","","","","","","","","","","",""
"11.55","","","","","","","","","","","","","21","21","21","0.3039","0.3039","0.3039","","","","","","","","","","","","","","","","","","","","","","","","","","","","","","","","","","","","","","","","","","","","","","","",""
"11.63","","","","","","","","","","","","","","","","","","","","","","","","","50","50","50","0.2493","0.2493","0.2493","","","","","","","","","","","","","","","","","","","","","","","","","","","","","","","","","","","",""
"11.64","","","","","","","","","","","","","","","","","","","","","","","","","","","","","","","87","87","87","0.2257","0.2257","0.2257","87","87","87","0.1793","0.1793","0.1793","","","","","","","","","","","","","","","","","","","","","","","",""
"11.68","39","39","39","0.3036","0.3036","0.3036","39","39","39","0.3254","0.3254","0.3254","","","","","","","39","39","39","0.3083","0.3083","0.3083","","","","","","","","","","","","","","","","","","","","","","","","","39","39","39","0.2851","0.2851","0.2851","39","39","39","0.3053","0.3053","0.3053","","","","","",""
"11.79","","","","","","","","","","","","","","","","","","","","","","","","","","","","","","","88","88","88","0.2302","0.2302","0.2302","88","88","88","0.2283","0.2283","0.2283","","","","","","","","","","","","","","","","","","","","","","","",""
"11.93","","","","","","","","","","","","","","","","","","","","","","","","","51","51","51","0.2371","0.2371","0.2371","","","","","","","","","","","","","","","","","","","","","","","","","","","","","","","","","","","",""
"11.94","","","","","","","","","","","","","","","","","","","","","","","","","","","","","","","89","89","89","0.2195","0.2195","0.2195","89","89","89","0.1659","0.1659","0.1659","","","","","","","","","","","","","","","","","","","","","","","",""
"12.09","41","41","41","0.3097","0.3097","0.3097","41","41","41","0.3164","0.3164","0.3164","","","","","","","41","41","41","0.2964","0.2964","0.2964","","","","","","","","","","","","","","","","","","","","","","","","","41","41","41","0.2984","0.2984","0.2984","41","41","41","0.3066","0.3066","0.3066","","","","","",""
"12.1","","","","","","","","","","","","","","","","","","","","","","","","","","","","","","","91","91","91","0.2533","0.2533","0.2533","91","91","91","0.1818","0.1818","0.1818","","","","","","","","","","","","","","","","","","","","","","","",""
"12.22","","","","","","","","","","","","","","","","","","","","","","","","","53","53","53","0.2256","0.2256","0.2256","","","","","","","","","","","","","","","","","","","","","","","","","","","","","","","","","","","",""
"12.25","","","","","","","","","","","","","","","","","","","","","","","","","","","","","","","92","92","92","0.197","0.197","0.197","92","92","92","0.1524","0.1524","0.1524","","","","","","","","","","","","","","","","","","","","","","","",""
"12.4","","","","","","","","","","","","","","","","","","","","","","","","","","","","","","","93","93","93","0.2007","0.2007","0.2007","93","93","93","0.2192","0.2192","0.2192","","","","","","","","","","","","","","","","","","","","","","","",""
"12.49","42","42","42","0.2914","0.2914","0.2914","42","42","42","0.3159","0.3159","0.3159","","","","","","","42","42","42","0.3096","0.3096","0.3096","","","","","","","","","","","","","","","","","","","","","","","","","42","42","42","0.2733","0.2733","0.2733","42","42","42","0.2868","0.2868","0.2868","","","","","",""
"12.5","","","","","","","","","","","","","","","","","","","","","","","","","","","","","","","","","","","","","","","","","","","19","19","19","0.3335","0.3335","0.3335","","","","","","","","","","","","","","","","","",""
"12.51","","","","","","","","","","","","","","","","","","","","","","","","","54","54","54","0.2276","0.2276","0.2276","","","","","","","","","","","","","","","","","","","","","","","","","","","","","","","","","","","",""
"12.55","","","","","","","","","","","","","","","","","","","","","","","","","","","","","","","94","94","94","0.2089","0.2089","0.2089","94","94","94","0.1383","0.1383","0.1383","","","","","","","","","","","","","","","","","","","","","","","",""
"12.61","","","","","","","","","","","","","23","23","23","0.3057","0.3057","0.3057","","","","","","","","","","","","","","","","","","","","","","","","","","","","","","","","","","","","","","","","","","","","","","","",""
"12.7","","","","","","","","","","","","","","","","","","","","","","","","","","","","","","","95","95","95","0.1428","0.1428","0.1428","95","95","95","0.1519","0.1519","0.1519","","","","","","","","","","","","","","","","","","","","","","","",""
"12.8","","","","","","","","","","","","","","","","","","","","","","","","","55","55","55","0.2396","0.2396","0.2396","","","","","","","","","","","","","","","","","","","","","","","","","","","","","","","","","","","",""
"12.85","","","","","","","","","","","","","","","","","","","","","","","","","","","","","","","96","96","96","0.2009","0.2009","0.2009","96","96","96","0.1372","0.1372","0.1372","","","","","","","","","","","","","","","","","","","","","","","",""
"12.89","43","43","43","0.3203","0.3203","0.3203","43","43","43","0.3251","0.3251","0.3251","","","","","","","43","43","43","0.3078","0.3078","0.3078","","","","","","","","","","","","","","","","","","","","","","","","","43","43","43","0.3028","0.3028","0.3028","43","43","43","0.3026","0.3026","0.3026","","","","","",""
"13","","","","","","","","","","","","","","","","","","","","","","","","","","","","","","","98","98","98","0.2234","0.2234","0.2234","98","98","98","0.1932","0.1932","0.1932","","","","","","","","","","","","","","","","","","","","","","","",""
"13.09","","","","","","","","","","","","","","","","","","","","","","","","","57","57","57","0.2236","0.2236","0.2236","","","","","","","","","","","","","","","","","","","","","","","","","","","","","","","","","","","",""
"13.15","","","","","","","","","","","","","","","","","","","","","","","","","","","","","","","99","99","99","0.1809","0.1809","0.1809","99","99","99","0.1487","0.1487","0.1487","","","","","","","","","","","","","","","","","","","","","","","",""
"13.3","45","45","45","0.2927","0.2927","0.2927","45","45","45","0.3085","0.3085","0.3085","","","","","","","45","45","45","0.3058","0.3058","0.3058","","","","","","","","","","","","","","","","","","","","","","","","","45","45","45","0.2868","0.2868","0.2868","45","45","45","0.2933","0.2933","0.2933","","","","","",""
"13.31","","","","","","","","","","","","","","","","","","","","","","","","","","","","","","","100","100","100","0.1449","0.1449","0.1449","100","100","100","0.1353","0.1353","0.1353","","","","","","","","","","","","","","","","","","","","","","","",""
"13.38","","","","","","","","","","","","","","","","","","","","","","","","","58","58","58","0.2246","0.2246","0.2246","","","","","","","","","","","","","","","","","","","","","","","","","","","","","","","","","","","",""
"13.46","","","","","","","","","","","","","","","","","","","","","","","","","","","","","","","101","101","101","0.168","0.168","0.168","101","101","101","0.1451","0.1451","0.1451","","","","","","","","","","","","","","","","","","","","","","","",""
"13.61","","","","","","","","","","","","","","","","","","","","","","","","","","","","","","","102","102","102","0.1725","0.1725","0.1725","102","102","102","0.1466","0.1466","0.1466","","","","","","","","","","","","","","","","","","","","","","","",""
"13.66","","","","","","","","","","","","","25","25","25","0.2847","0.2847","0.2847","","","","","","","","","","","","","","","","","","","","","","","","","","","","","","","","","","","","","","","","","","","","","","","",""
"13.67","","","","","","","","","","","","","","","","","","","","","","","","","59","59","59","0.2465","0.2465","0.2465","","","","","","","","","","","","","","","","","","","","","","","","","","","","","","","","","","","",""
"13.7","46","46","46","0.3247","0.3247","0.3247","46","46","46","0.3115","0.3115","0.3115","","","","","","","46","46","46","0.3111","0.3111","0.3111","","","","","","","","","","","","","","","","","","","","","","","","","46","46","46","0.2753","0.2753","0.2753","46","46","46","0.2737","0.2737","0.2737","","","","","",""
"13.76","","","","","","","","","","","","","","","","","","","","","","","","","","","","","","","103","103","103","0.1512","0.1512","0.1512","103","103","103","0.1474","0.1474","0.1474","","","","","","","","","","","","","","","","","","","","","","","",""
"13.91","","","","","","","","","","","","","","","","","","","","","","","","","","","","","","","104","104","104","0.1625","0.1625","0.1625","104","104","104","0.138","0.138","0.138","","","","","","","","","","","","","","","","","","","","","","","",""
"13.96","","","","","","","","","","","","","","","","","","","","","","","","","60","60","60","0.2406","0.2406","0.2406","","","","","","","","","","","","","","","","","","","","","","","","","","","","","","","","","","","",""
"14.06","","","","","","","","","","","","","","","","","","","","","","","","","","","","","","","106","106","106","0.1557","0.1557","0.1557","106","106","106","0.1466","0.1466","0.1466","22","22","22","0.3255","0.3255","0.3255","","","","","","","","","","","","","","","","","",""
"14.1","48","48","48","0.2761","0.2761","0.2761","48","48","48","0.324","0.324","0.324","","","","","","","48","48","48","0.3128","0.3128","0.3128","","","","","","","","","","","","","","","","","","","","","","","","","48","48","48","0.2976","0.2976","0.2976","48","48","48","0.307","0.307","0.307","","","","","",""
"14.21","","","","","","","","","","","","","","","","","","","","","","","","","","","","","","","107","107","107","0.1236","0.1236","0.1236","107","107","107","0.0879","0.0879","0.0879","","","","","","","","","","","","","","","","","","","","","","","",""
"14.25","","","","","","","","","","","","","","","","","","","","","","","","","62","62","62","0.2108","0.2108","0.2108","","","","","","","","","","","","","","","","","","","","","","","","","","","","","","","","","","","",""
"14.29","","","","","","","","","","","","","","","","","","","","","","","","","","","","","","","","","","","","","","","","","","","","","","","","","","","","","","","","","","","","","18","18","18","0.3769","0.3769","0.3769"
"14.36","","","","","","","","","","","","","","","","","","","","","","","","","","","","","","","108","108","108","0.1264","0.1264","0.1264","108","108","108","0.1541","0.1541","0.1541","","","","","","","","","","","","","","","","","","","","","","","",""
"14.5","49","49","49","0.3029","0.3029","0.3029","49","49","49","0.3026","0.3026","0.3026","","","","","","","49","49","49","0.3007","0.3007","0.3007","","","","","","","","","","","","","","","","","","","","","","","","","49","49","49","0.2777","0.2777","0.2777","49","49","49","0.2852","0.2852","0.2852","","","","","",""
"14.51","","","","","","","","","","","","","","","","","","","","","","","","","","","","","","","109","109","109","0.1063","0.1063","0.1063","109","109","109","0.0984","0.0984","0.0984","","","","","","","","","","","","","","","","","","","","","","","",""
"14.54","","","","","","","","","","","","","","","","","","","","","","","","","63","63","63","0.2497","0.2497","0.2497","","","","","","","","","","","","","","","","","","","","","","","","","","","","","","","","","","","",""
"14.67","","","","","","","","","","","","","","","","","","","","","","","","","","","","","","","110","110","110","0.1784","0.1784","0.1784","110","110","110","0.1202","0.1202","0.1202","","","","","","","","","","","","","","","","","","","","","","","",""
"14.71","","","","","","","","","","","","","27","27","27","0.2924","0.2924","0.2924","","","","","","","","","","","","","","","","","","","","","","","","","","","","","","","","","","","","","","","","","","","","","","","",""
"14.82","","","","","","","","","","","","","","","","","","","","","","","","","","","","","","","111","111","111","0.159","0.159","0.159","111","111","111","0.1043","0.1043","0.1043","","","","","","","","","","","","","","","","","","","","","","","",""
"14.83","","","","","","","","","","","","","","","","","","","","","","","","","64","64","64","0.2361","0.2361","0.2361","","","","","","","","","","","","","","","","","","","","","","","","","","","","","","","","","","","",""
"14.91","50","50","50","0.3145","0.3145","0.3145","50","50","50","0.3278","0.3278","0.3278","","","","","","","50","50","50","0.3005","0.3005","0.3005","","","","","","","","","","","","","","","","","","","","","","","","","50","50","50","0.2942","0.2942","0.2942","50","50","50","0.2851","0.2851","0.2851","","","","","",""
"14.97","","","","","","","","","","","","","","","","","","","","","","","","","","","","","","","112","112","112","0.1502","0.1502","0.1502","112","112","112","0.1475","0.1475","0.1475","","","","","","","","","","","","","","","","","","","","","","","",""
"15.12","","","","","","","","","","","","","","","","","","","","","","","","","","","","","","","114","114","114","0.1099","0.1099","0.1099","114","114","114","0.0589","0.0589","0.0589","","","","","","","","","","","","","","","","","","","","","","","",""
"15.13","","","","","","","","","","","","","","","","","","","","","","","","","66","66","66","0.2317","0.2317","0.2317","","","","","","","","","","","","","","","","","","","","","","","","","","","","","","","","","","","",""
"15.27","","","","","","","","","","","","","","","","","","","","","","","","","","","","","","","115","115","115","0.1049","0.1049","0.1049","115","115","115","0.0848","0.0848","0.0848","","","","","","","","","","","","","","","","","","","","","","","",""
"15.31","52","52","52","0.2965","0.2965","0.2965","52","52","52","0.2887","0.2887","0.2887","","","","","","","52","52","52","0.2996","0.2996","0.2996","","","","","","","","","","","","","","","","","","","","","","","","","52","52","52","0.2698","0.2698","0.2698","52","52","52","0.2899","0.2899","0.2899","","","","","",""
"15.42","","","","","","","","","","","","","","","","","","","","","","","","","67","67","67","0.2273","0.2273","0.2273","116","116","116","0.1067","0.1067","0.1067","116","116","116","0.1117","0.1117","0.1117","","","","","","","","","","","","","","","","","","","","","","","",""
"15.57","","","","","","","","","","","","","","","","","","","","","","","","","","","","","","","117","117","117","0.1145","0.1145","0.1145","117","117","117","0.096","0.096","0.096","","","","","","","","","","","","","","","","","","","","","","","",""
"15.62","","","","","","","","","","","","","","","","","","","","","","","","","","","","","","","","","","","","","","","","","","","24","24","24","0.3222","0.3222","0.3222","","","","","","","","","","","","","","","","","",""
"15.71","53","53","53","0.2912","0.2912","0.2912","53","53","53","0.3113","0.3113","0.3113","","","","","","","53","53","53","0.2967","0.2967","0.2967","68","68","68","0.2392","0.2392","0.2392","","","","","","","","","","","","","","","","","","","53","53","53","0.2751","0.2751","0.2751","53","53","53","0.2706","0.2706","0.2706","","","","","",""
"15.72","","","","","","","","","","","","","","","","","","","","","","","","","","","","","","","118","118","118","0.0982","0.0982","0.0982","118","118","118","0.1119","0.1119","0.1119","","","","","","","","","","","","","","","","","","","","","","","",""
"15.76","","","","","","","","","","","","","29","29","29","0.2933","0.2933","0.2933","","","","","","","","","","","","","","","","","","","","","","","","","","","","","","","","","","","","","","","","","","","","","","","",""
"15.88","","","","","","","","","","","","","","","","","","","","","","","","","","","","","","","119","119","119","0.1341","0.1341","0.1341","119","119","119","0.0798","0.0798","0.0798","","","","","","","","","","","","","","","","","","","","","","","",""
"16","","","","","","","","","","","","","","","","","","","","","","","","","69","69","69","0.223","0.223","0.223","","","","","","","","","","","","","","","","","","","","","","","","","","","","","","","","","","","",""
"16.03","","","","","","","","","","","","","","","","","","","","","","","","","","","","","","","121","121","121","0.1644","0.1644","0.1644","121","121","121","0.13","0.13","0.13","","","","","","","","","","","","","","","","","","","","","","","",""
"16.12","55","55","55","0.3006","0.3006","0.3006","55","55","55","0.3271","0.3271","0.3271","","","","","","","55","55","55","0.2937","0.2937","0.2937","","","","","","","","","","","","","","","","","","","","","","","","","55","55","55","0.2889","0.2889","0.2889","55","55","55","0.2857","0.2857","0.2857","","","","","",""
"16.18","","","","","","","","","","","","","","","","","","","","","","","","","","","","","","","122","122","122","0.0767","0.0767","0.0767","122","122","122","0.0496","0.0496","0.0496","","","","","","","","","","","","","","","","","","","","","","","",""
"16.29","","","","","","","","","","","","","","","","","","","","","","","","","71","71","71","0.2176","0.2176","0.2176","","","","","","","","","","","","","","","","","","","","","","","","","","","","","","","","","","","",""
"16.33","","","","","","","","","","","","","","","","","","","","","","","","","","","","","","","123","123","123","0.0948","0.0948","0.0948","123","123","123","0.0558","0.0558","0.0558","","","","","","","","","","","","","","","","","","","","","","","",""
"16.48","","","","","","","","","","","","","","","","","","","","","","","","","","","","","","","124","124","124","0.1147","0.1147","0.1147","124","124","124","0.0864","0.0864","0.0864","","","","","","","","","","","","","","","","","","","","","","","",""
"16.52","56","56","56","0.2993","0.2993","0.2993","56","56","56","0.3005","0.3005","0.3005","","","","","","","56","56","56","0.3121","0.3121","0.3121","","","","","","","","","","","","","","","","","","","","","","","","","56","56","56","0.2796","0.2796","0.2796","56","56","56","0.2679","0.2679","0.2679","","","","","",""
"16.58","","","","","","","","","","","","","","","","","","","","","","","","","72","72","72","0.2397","0.2397","0.2397","","","","","","","","","","","","","","","","","","","","","","","","","","","","","","","","","","","",""
"16.63","","","","","","","","","","","","","","","","","","","","","","","","","","","","","","","125","125","125","0.0807","0.0807","0.0807","125","125","125","0.1067","0.1067","0.1067","","","","","","","","","","","","","","","","","","","","","","","",""
"16.78","","","","","","","","","","","","","","","","","","","","","","","","","","","","","","","126","126","126","0.0861","0.0861","0.0861","126","126","126","0.0698","0.0698","0.0698","","","","","","","","","","","","","","","","","","","","","","","",""
"16.81","","","","","","","","","","","","","31","31","31","0.2811","0.2811","0.2811","","","","","","","","","","","","","","","","","","","","","","","","","","","","","","","","","","","","","","","","","","","","","","","",""
"16.87","","","","","","","","","","","","","","","","","","","","","","","","","73","73","73","0.2189","0.2189","0.2189","","","","","","","","","","","","","","","","","","","","","","","","","","","","","","","","","","","",""
"16.92","57","57","57","0.291","0.291","0.291","57","57","57","0.2914","0.2914","0.2914","","","","","","","57","57","57","0.2933","0.2933","0.2933","","","","","","","","","","","","","","","","","","","","","","","","","57","57","57","0.27","0.27","0.27","57","57","57","0.289","0.289","0.289","","","","","",""
"16.93","","","","","","","","","","","","","","","","","","","","","","","","","","","","","","","127","127","127","0.1096","0.1096","0.1096","127","127","127","0.0901","0.0901","0.0901","","","","","","","","","","","","","","","","","","","","","","","",""
"17.08","","","","","","","","","","","","","","","","","","","","","","","","","","","","","","","129","129","129","0.0938","0.0938","0.0938","129","129","129","0.0783","0.0783","0.0783","","","","","","","","","","","","","","","","","","","","","","","",""
"17.14","","","","","","","","","","","","","","","","","","","","","","","","","","","","","","","","","","","","","","","","","","","","","","","","","","","","","","","","","","","","","22","22","22","0.3752","0.3752","0.3752"
"17.16","","","","","","","","","","","","","","","","","","","","","","","","","75","75","75","0.2294","0.2294","0.2294","","","","","","","","","","","","","","","","","","","","","","","","","","","","","","","","","","","",""
"17.19","","","","","","","","","","","","","","","","","","","","","","","","","","","","","","","","","","","","","","","","","","","27","27","27","0.3203","0.3203","0.3203","","","","","","","","","","","","","","","","","",""
"17.24","","","","","","","","","","","","","","","","","","","","","","","","","","","","","","","130","130","130","0.0827","0.0827","0.0827","130","130","130","0.054","0.054","0.054","","","","","","","","","","","","","","","","","","","","","","","",""
"17.32","59","59","59","0.3006","0.3006","0.3006","59","59","59","0.3057","0.3057","0.3057","","","","","","","59","59","59","0.2752","0.2752","0.2752","","","","","","","","","","","","","","","","","","","","","","","","","59","59","59","0.268","0.268","0.268","59","59","59","0.2859","0.2859","0.2859","","","","","",""
"17.39","","","","","","","","","","","","","","","","","","","","","","","","","","","","","","","131","131","131","0.0749","0.0749","0.0749","131","131","131","0.0817","0.0817","0.0817","","","","","","","","","","","","","","","","","","","","","","","",""
"17.45","","","","","","","","","","","","","","","","","","","","","","","","","76","76","76","0.2168","0.2168","0.2168","","","","","","","","","","","","","","","","","","","","","","","","","","","","","","","","","","","",""
"17.54","","","","","","","","","","","","","","","","","","","","","","","","","","","","","","","132","132","132","0.0805","0.0805","0.0805","132","132","132","0.0745","0.0745","0.0745","","","","","","","","","","","","","","","","","","","","","","","",""
"17.69","","","","","","","","","","","","","","","","","","","","","","","","","","","","","","","133","133","133","0.0923","0.0923","0.0923","133","133","133","0.0628","0.0628","0.0628","","","","","","","","","","","","","","","","","","","","","","","",""
"17.73","60","60","60","0.3006","0.3006","0.3006","60","60","60","0.304","0.304","0.304","","","","","","","60","60","60","0.2977","0.2977","0.2977","","","","","","","","","","","","","","","","","","","","","","","","","60","60","60","0.2862","0.2862","0.2862","60","60","60","0.2575","0.2575","0.2575","","","","","",""
"17.74","","","","","","","","","","","","","","","","","","","","","","","","","77","77","77","0.2177","0.2177","0.2177","","","","","","","","","","","","","","","","","","","","","","","","","","","","","","","","","","","",""
"17.84","","","","","","","","","","","","","","","","","","","","","","","","","","","","","","","134","134","134","0.0855","0.0855","0.0855","134","134","134","0.067","0.067","0.067","","","","","","","","","","","","","","","","","","","","","","","",""
"17.86","","","","","","","","","","","","","33","33","33","0.2864","0.2864","0.2864","","","","","","","","","","","","","","","","","","","","","","","","","","","","","","","","","","","","","","","","","","","","","","","",""
"17.99","","","","","","","","","","","","","","","","","","","","","","","","","","","","","","","135","135","135","0.0633","0.0633","0.0633","135","135","135","0.074","0.074","0.074","","","","","","","","","","","","","","","","","","","","","","","",""
"18.03","","","","","","","","","","","","","","","","","","","","","","","","","79","79","79","0.235","0.235","0.235","","","","","","","","","","","","","","","","","","","","","","","","","","","","","","","","","","","",""
"18.13","62","62","62","0.307","0.307","0.307","62","62","62","0.3038","0.3038","0.3038","","","","","","","62","62","62","0.2938","0.2938","0.2938","","","","","","","","","","","","","","","","","","","","","","","","","62","62","62","0.2756","0.2756","0.2756","62","62","62","0.3026","0.3026","0.3026","","","","","",""
"18.14","","","","","","","","","","","","","","","","","","","","","","","","","","","","","","","137","137","137","0.096","0.096","0.096","137","137","137","0.0562","0.0562","0.0562","","","","","","","","","","","","","","","","","","","","","","","",""
"18.29","","","","","","","","","","","","","","","","","","","","","","","","","","","","","","","138","138","138","0.0376","0.0376","0.0376","138","138","138","0.0353","0.0353","0.0353","","","","","","","","","","","","","","","","","","","","","","","",""
"18.32","","","","","","","","","","","","","","","","","","","","","","","","","80","80","80","0.2224","0.2224","0.2224","","","","","","","","","","","","","","","","","","","","","","","","","","","","","","","","","","","",""
"18.45","","","","","","","","","","","","","","","","","","","","","","","","","","","","","","","139","139","139","0.0433","0.0433","0.0433","139","139","139","0.0533","0.0533","0.0533","","","","","","","","","","","","","","","","","","","","","","","",""
"18.53","63","63","63","0.2884","0.2884","0.2884","63","63","63","0.3019","0.3019","0.3019","","","","","","","63","63","63","0.3009","0.3009","0.3009","","","","","","","","","","","","","","","","","","","","","","","","","63","63","63","0.2696","0.2696","0.2696","63","63","63","0.2792","0.2792","0.2792","","","","","",""
"18.6","","","","","","","","","","","","","","","","","","","","","","","","","","","","","","","140","140","140","0.0809","0.0809","0.0809","140","140","140","0.0672","0.0672","0.0672","","","","","","","","","","","","","","","","","","","","","","","",""
"18.62","","","","","","","","","","","","","","","","","","","","","","","","","81","81","81","0.233","0.233","0.233","","","","","","","","","","","","","","","","","","","","","","","","","","","","","","","","","","","",""
"18.75","","","","","","","","","","","","","","","","","","","","","","","","","","","","","","","141","141","141","0.0795","0.0795","0.0795","141","141","141","0.0608","0.0608","0.0608","29","29","29","0.3099","0.3099","0.3099","","","","","","","","","","","","","","","","","",""
"18.9","","","","","","","","","","","","","","","","","","","","","","","","","","","","","","","142","142","142","0.0927","0.0927","0.0927","142","142","142","0.0587","0.0587","0.0587","","","","","","","","","","","","","","","","","","","","","","","",""
"18.91","","","","","","","","","","","","","35","35","35","0.2835","0.2835","0.2835","","","","","","","82","82","82","0.2334","0.2334","0.2334","","","","","","","","","","","","","","","","","","","","","","","","","","","","","","","","","","","",""
"18.94","64","64","64","0.309","0.309","0.309","64","64","64","0.2924","0.2924","0.2924","","","","","","","64","64","64","0.3","0.3","0.3","","","","","","","","","","","","","","","","","","","","","","","","","64","64","64","0.2652","0.2652","0.2652","64","64","64","0.2617","0.2617","0.2617","","","","","",""
"19.05","","","","","","","","","","","","","","","","","","","","","","","","","","","","","","","144","144","144","0.0482","0.0482","0.0482","144","144","144","0.0604","0.0604","0.0604","","","","","","","","","","","","","","","","","","","","","","","",""
"19.2","","","","","","","","","","","","","","","","","","","","","","","","","84","84","84","0.2249","0.2249","0.2249","145","145","145","0.0473","0.0473","0.0473","145","145","145","0.045","0.045","0.045","","","","","","","","","","","","","","","","","","","","","","","",""
"19.34","66","66","66","0.307","0.307","0.307","66","66","66","0.2931","0.2931","0.2931","","","","","","","66","66","66","0.3035","0.3035","0.3035","","","","","","","","","","","","","","","","","","","","","","","","","66","66","66","0.2817","0.2817","0.2817","66","66","66","0.2618","0.2618","0.2618","","","","","",""
"19.35","","","","","","","","","","","","","","","","","","","","","","","","","","","","","","","146","146","146","0.0871","0.0871","0.0871","146","146","146","0.0435","0.0435","0.0435","","","","","","","","","","","","","","","","","","","","","","","",""
"19.49","","","","","","","","","","","","","","","","","","","","","","","","","85","85","85","0.2263","0.2263","0.2263","","","","","","","","","","","","","","","","","","","","","","","","","","","","","","","","","","","",""
"19.5","","","","","","","","","","","","","","","","","","","","","","","","","","","","","","","147","147","147","0.0711","0.0711","0.0711","147","147","147","0.0745","0.0745","0.0745","","","","","","","","","","","","","","","","","","","","","","","",""
"19.66","","","","","","","","","","","","","","","","","","","","","","","","","","","","","","","148","148","148","0.0374","0.0374","0.0374","148","148","148","0.0513","0.0513","0.0513","","","","","","","","","","","","","","","","","","","","","","","",""
"19.74","67","67","67","0.2987","0.2987","0.2987","67","67","67","0.3259","0.3259","0.3259","","","","","","","67","67","67","0.2879","0.2879","0.2879","","","","","","","","","","","","","","","","","","","","","","","","","67","67","67","0.2699","0.2699","0.2699","67","67","67","0.2799","0.2799","0.2799","","","","","",""
"19.78","","","","","","","","","","","","","","","","","","","","","","","","","86","86","86","0.2077","0.2077","0.2077","","","","","","","","","","","","","","","","","","","","","","","","","","","","","","","","","","","",""
"19.81","","","","","","","","","","","","","","","","","","","","","","","","","","","","","","","149","149","149","0.0598","0.0598","0.0598","149","149","149","0.0472","0.0472","0.0472","","","","","","","","","","","","","","","","","","","","","","","",""
"19.96","","","","","","","","","","","","","37","37","37","0.2818","0.2818","0.2818","","","","","","","","","","","","","150","150","150","0.0448","0.0448","0.0448","150","150","150","0.033","0.033","0.033","","","","","","","","","","","","","","","","","","","","","","","",""
"20","","","","","","","","","","","","","","","","","","","","","","","","","","","","","","","","","","","","","","","","","","","","","","","","","","","","","","","","","","","","","25","25","25","0.3599","0.3599","0.3599"